id,first_name,last_name,email,gender,department,salary
1,Casey,Emeny,cemeny0@webnode.com,Male,Training,40209
2,Staford,Burbury,sburbury1@amazon.de,Male,Accounting,50577
3,Verine,Meneely,vmeneely2@dedecms.com,Female,Marketing,32656
4,Rosabel,Reisin,rreisin3@nba.com,Female,Marketing,57131
5,Aubree,Barlas,abarlas4@timesonline.co.uk,Female,Accounting,31189
6,Roch,Emanulsson,remanulsson5@mediafire.com,Female,Sales,83990
7,Ilsa,Bute,ibute6@twitpic.com,Female,Services,73793
8,Jaymee,Roggeman,jroggeman7@soundcloud.com,Female,Sales,46818
9,Osborn,Dietsche,odietsche8@vistaprint.com,Male,Product Management,56814
10,Kylie,Whitemarsh,kwhitemarsh9@nps.gov,Male,Marketing,48659
11,Falkner,Alfonsetto,falfonsettoa@mashable.com,Male,Accounting,77556
12,Joseito,Derobert,jderobertb@google.fr,Male,Human Resources,25311
13,Shepard,Mayoh,smayohc@icio.us,Male,Engineering,66940
14,Nonna,Dominy,ndominyd@state.gov,Female,Support,27103
15,Jennette,Giffen,jgiffene@state.gov,Female,Human Resources,63229
16,Martie,Marchello,mmarchellof@engadget.com,Female,Business Development,33146
17,Ludovika,Hazelton,lhazeltong@guardian.co.uk,Female,Business Development,44141
18,Augustus,Gurrado,agurradoh@jiathis.com,Male,Business Development,34273
19,Bevon,Hatrey,bhatreyi@vkontakte.ru,Male,Training,78747
20,Catina,Duckhouse,cduckhousej@printfriendly.com,Female,Engineering,87624
21,Courtenay,Foskew,cfoskewk@cornell.edu,Female,Accounting,74606
22,Briny,Ratcliffe,bratcliffel@yellowpages.com,Female,Services,85615
23,Reinaldo,Ellwand,rellwandm@vinaora.com,Male,Sales,58174
24,Felice,Mosedall,fmosedalln@macromedia.com,Female,Human Resources,40726
25,Douglas,Browncey,dbrownceyo@telegraph.co.uk,Male,Engineering,88227
26,Carlynne,Thormwell,cthormwellp@hud.gov,Female,Marketing,61744
27,Rollie,Polye,rpolyeq@1und1.de,Male,Support,60402
28,Mei,Beardsall,mbeardsallr@shutterfly.com,Female,Product Management,38680
29,Kylie,Gonsalo,kgonsalos@ow.ly,Male,Business Development,31995
30,Felipe,Patington,fpatingtont@yelp.com,Male,Product Management,42002
31,Kendrick,Setterthwait,ksetterthwaitu@digg.com,Male,Sales,71779
32,Gail,Cominotti,gcominottiv@rediff.com,Male,Sales,59856
33,Yankee,Dionisio,ydionisiow@google.co.uk,Male,Research and Development,43747
34,Vittorio,Chastney,vchastneyx@tripadvisor.com,Male,Research and Development,67485
35,Jolene,Aslum,jaslumy@seattletimes.com,Female,Product Management,31168
36,Sashenka,Brightie,sbrightiez@constantcontact.com,Female,Support,37707
37,Arleyne,Ruffell,aruffell10@prweb.com,Female,Accounting,83039
38,Dulce,Josefowicz,djosefowicz11@comcast.net,Female,Business Development,76126
39,Twila,Burfoot,tburfoot12@sbwire.com,Female,Accounting,31154
40,Kellina,Wollers,kwollers13@imdb.com,Female,Marketing,85299
41,Shaylynn,Holtaway,sholtaway14@oracle.com,Female,Legal,42457
42,Edeline,Liveing,eliveing15@topsy.com,Female,Product Management,35893
43,Aluino,Bater,abater16@prlog.org,Male,Marketing,75491
44,Goldi,Gerrels,ggerrels17@house.gov,Female,Services,38615
45,Yolanda,Asipenko,yasipenko18@businessweek.com,Female,Sales,56877
46,Karlene,Shenfisch,kshenfisch19@123-reg.co.uk,Female,Training,31065
47,Stevie,Russe,srusse1a@issuu.com,Male,Marketing,83136
48,Genna,Orrett,gorrett1b@bloglovin.com,Female,Research and Development,30774
49,Debbi,Mackrell,dmackrell1c@bandcamp.com,Female,Business Development,85185
50,Dory,Mungin,dmungin1d@archive.org,Male,Human Resources,30263
51,Kareem,Caslett,kcaslett1e@alibaba.com,Male,Marketing,89917
52,Pia,Petyakov,ppetyakov1f@ifeng.com,Female,Services,54837
53,Leonora,Corneljes,lcorneljes1g@microsoft.com,Female,Sales,50146
54,Care,Vallens,cvallens1h@java.com,Male,Product Management,92250
55,Berty,Skrine,bskrine1i@indiatimes.com,Male,Business Development,61514
56,Karlis,Bamsey,kbamsey1j@liveinternet.ru,Male,Marketing,54022
57,Gris,Eland,geland1k@irs.gov,Male,Product Management,90048
58,Ronnie,Bansal,rbansal1l@lulu.com,Male,Services,32445
59,Waylon,Boyen,wboyen1m@yellowpages.com,Male,Human Resources,35882
60,Trenna,Hanmer,thanmer1n@myspace.com,Female,Human Resources,78860
61,Eberto,Lambert-Ciorwyn,elambertciorwyn1o@chronoengine.com,Male,Legal,34192
62,Sloan,Rulton,srulton1p@dropbox.com,Male,Business Development,63700
63,Chester,Curcher,ccurcher1q@goo.ne.jp,Male,Product Management,48557
64,Gwen,Le Fevre,glefevre1r@meetup.com,Female,Marketing,43490
65,Florida,Guarnier,fguarnier1s@pinterest.com,Female,Training,97103
66,Nanete,Hyman,nhyman1t@netlog.com,Female,Sales,32377
67,Janifer,McIlrath,jmcilrath1u@sina.com.cn,Female,Marketing,32172
68,Nerita,Stratford,nstratford1v@google.ca,Female,Engineering,83957
69,Ethelin,Braden,ebraden1w@mail.ru,Female,Research and Development,88659
70,Chrissy,Fairbard,cfairbard1x@last.fm,Female,Research and Development,47107
71,Genny,Hambelton,ghambelton1y@unblog.fr,Female,Support,73165
72,Timoteo,Caush,tcaush1z@soundcloud.com,Male,Research and Development,56665
73,Alick,Frodsam,afrodsam20@china.com.cn,Male,Training,91101
74,Angele,Dawkes,adawkes21@vinaora.com,Female,Accounting,83691
75,Hussein,Narrie,hnarrie22@w3.org,Male,Product Management,71127
76,Rowan,Colquhoun,rcolquhoun23@un.org,Male,Human Resources,31083
77,Guntar,Castana,gcastana24@wp.com,Male,Services,55562
78,Nelly,Dabbs,ndabbs25@delicious.com,Female,Legal,41150
79,Neille,Gottschalk,ngottschalk26@sciencedirect.com,Female,Accounting,52468
80,Erhart,Dincke,edincke27@eventbrite.com,Male,Research and Development,75845
81,Koenraad,Woolger,kwoolger28@pbs.org,Male,Legal,65932
82,Burke,Emerson,bemerson29@sbwire.com,Male,Services,33111
83,Irwin,Reedie,ireedie2a@dailymail.co.uk,Male,Human Resources,29302
84,Rupert,Dunkinson,rdunkinson2b@cnbc.com,Male,Product Management,70811
85,Dyann,Radleigh,dradleigh2c@phpbb.com,Female,Engineering,72950
86,Thedrick,Vassall,tvassall2d@zimbio.com,Male,Services,59135
87,Garrott,Casillis,gcasillis2e@discovery.com,Male,Product Management,93752
88,Ravid,Sahnow,rsahnow2f@ft.com,Male,Sales,58524
89,Bary,Anstis,banstis2g@nytimes.com,Male,Sales,89899
90,Esther,Guilleton,eguilleton2h@oakley.com,Female,Engineering,45893
91,Stu,Brierly,sbrierly2i@ca.gov,Male,Research and Development,33090
92,Aliza,Keener,akeener2j@amazonaws.com,Female,Training,31445
93,Ewan,Varty,evarty2k@cisco.com,Male,Legal,45852
94,Sholom,Gullivan,sgullivan2l@bandcamp.com,Male,Sales,47344
95,Petrina,Brauner,pbrauner2m@symantec.com,Female,Accounting,27133
96,Mattie,Lamburne,mlamburne2n@squarespace.com,Female,Business Development,74173
97,Herman,Erbe,herbe2o@bbb.org,Male,Research and Development,58818
98,Irwin,Gumly,igumly2p@wix.com,Male,Support,79094
99,Celisse,Danihel,cdanihel2q@moonfruit.com,Female,Product Management,63698
100,Farrel,Rammell,frammell2r@soundcloud.com,Male,Research and Development,62042
101,Blondelle,Probat,bprobat2s@wordpress.org,Female,Research and Development,56918
102,Winthrop,Becaris,wbecaris2t@exblog.jp,Male,Research and Development,80055
103,Lamond,Kittless,lkittless2u@digg.com,Male,Human Resources,89304
104,Marquita,Carus,mcarus2v@t-online.de,Female,Training,40082
105,Thaine,Chillcot,tchillcot2w@admin.ch,Male,Human Resources,42748
106,Othilia,Antushev,oantushev2x@si.edu,Female,Services,37421
107,Jonie,Pietersma,jpietersma2y@paginegialle.it,Female,Product Management,97502
108,Kerianne,Balaam,kbalaam2z@thetimes.co.uk,Female,Human Resources,95230
109,Crissie,Baccup,cbaccup30@nifty.com,Female,Marketing,81674
110,Daloris,Labrum,dlabrum31@psu.edu,Female,Marketing,62897
111,Rriocard,Shanley,rshanley32@narod.ru,Male,Legal,82743
112,Ezra,Gligorijevic,egligorijevic33@themeforest.net,Male,Services,41827
113,Nana,Brabin,nbrabin34@youtube.com,Female,Human Resources,37456
114,Lindy,Chislett,lchislett35@purevolume.com,Male,Research and Development,75229
115,Lizzy,Wallwork,lwallwork36@networkadvertising.org,Female,Services,54212
116,Augy,Werrett,awerrett37@tinyurl.com,Male,Human Resources,88305
117,Rainer,Greyes,rgreyes38@e-recht24.de,Male,Support,85425
118,Gordon,Mandre,gmandre39@sphinn.com,Male,Services,78253
119,Carol-jean,Southcomb,csouthcomb3a@taobao.com,Female,Sales,61095
120,Eda,Whymark,ewhymark3b@cloudflare.com,Female,Sales,44687
121,Terri,O'Shevlin,toshevlin3c@linkedin.com,Female,Training,97618
122,Orren,Rigts,origts3d@t.co,Male,Marketing,34256
123,Ashly,Cullotey,acullotey3e@cnn.com,Female,Accounting,73261
124,Krissy,Rummery,krummery3f@barnesandnoble.com,Female,Training,49807
125,Maure,Cardenas,mcardenas3g@comcast.net,Female,Legal,86487
126,Stanislaus,Mulkerrins,smulkerrins3h@hud.gov,Male,Business Development,43262
127,Rycca,Brattan,rbrattan3i@marketwatch.com,Female,Engineering,51939
128,Yvette,Hilhouse,yhilhouse3j@washington.edu,Female,Research and Development,62814
129,Kelcy,Rogier,krogier3k@bizjournals.com,Female,Support,75107
130,Quincey,Cant,qcant3l@marriott.com,Male,Sales,66950
131,Stafford,McGeagh,smcgeagh3m@unicef.org,Male,Business Development,40860
132,Nickolai,Pennazzi,npennazzi3n@imdb.com,Male,Business Development,43194
133,Christine,Meys,cmeys3o@ovh.net,Female,Accounting,97836
134,Kilian,Emmanuel,kemmanuel3p@paginegialle.it,Male,Support,61947
135,Cchaddie,Yurkin,cyurkin3q@so-net.ne.jp,Male,Accounting,50074
136,Tabitha,Philipeaux,tphilipeaux3r@printfriendly.com,Female,Sales,64486
137,Deanna,Joselevitz,djoselevitz3s@istockphoto.com,Female,Research and Development,83650
138,Hobard,Mila,hmila3t@cafepress.com,Male,Accounting,44361
139,Chet,Tomaselli,ctomaselli3u@macromedia.com,Male,Research and Development,95073
140,Montgomery,Meaker,mmeaker3v@meetup.com,Male,Legal,73157
141,Lizzie,Rodolfi,lrodolfi3w@si.edu,Female,Business Development,61638
142,Marty,Gherardini,mgherardini3x@livejournal.com,Male,Business Development,34538
143,Benedikt,Bolderson,bbolderson3y@clickbank.net,Male,Marketing,44664
144,Louis,Bilt,lbilt3z@bbc.co.uk,Male,Engineering,90235
145,Nissy,Kuller,nkuller40@pinterest.com,Female,Research and Development,74877
146,Clark,Cough,ccough41@about.me,Male,Engineering,74515
147,Diana,Goodredge,dgoodredge42@list-manage.com,Female,Support,33111
148,Morry,Castagno,mcastagno43@spotify.com,Male,Marketing,68609
149,Leesa,Clubbe,lclubbe44@loc.gov,Female,Business Development,39838
150,Alick,Lockhart,alockhart45@cafepress.com,Male,Research and Development,75685
151,Valina,Hovey,vhovey46@theglobeandmail.com,Female,Support,47017
152,Nikolos,Uren,nuren47@dagondesign.com,Male,Product Management,56292
153,Burke,Einchcombe,beinchcombe48@nih.gov,Male,Research and Development,85707
154,Glynn,Cooksey,gcooksey49@macromedia.com,Male,Human Resources,43577
155,Peggy,Brignall,pbrignall4a@youtube.com,Female,Product Management,68946
156,Cordy,Liverock,cliverock4b@moonfruit.com,Female,Business Development,26137
157,Dorri,Cleator,dcleator4c@sun.com,Female,Accounting,90920
158,Rory,Dubois,rdubois4d@nyu.edu,Male,Marketing,49376
159,Avivah,Richie,arichie4e@msu.edu,Female,Research and Development,39915
160,Ashien,Grishakov,agrishakov4f@oaic.gov.au,Female,Accounting,56633
161,Paton,Mangeot,pmangeot4g@nyu.edu,Male,Sales,89021
162,Sergio,Albro,salbro4h@sun.com,Male,Engineering,67048
163,Gibby,Edmondson,gedmondson4i@cmu.edu,Male,Engineering,39512
164,Hedwiga,McElwee,hmcelwee4j@tripadvisor.com,Female,Accounting,67804
165,Hakeem,Morecomb,hmorecomb4k@fda.gov,Male,Engineering,44434
166,Elora,Pattini,epattini4l@devhub.com,Female,Human Resources,58428
167,Mercedes,Tackle,mtackle4m@cloudflare.com,Female,Engineering,42023
168,Pamela,Vinker,pvinker4n@timesonline.co.uk,Female,Sales,33454
169,Kenyon,Bickle,kbickle4o@wikia.com,Male,Engineering,94619
170,Ibby,Authers,iauthers4p@examiner.com,Female,Legal,32456
171,Nicoline,Chimenti,nchimenti4q@businessweek.com,Female,Marketing,59685
172,Corny,Attew,cattew4r@prnewswire.com,Male,Research and Development,45507
173,Caron,Yacobsohn,cyacobsohn4s@quantcast.com,Female,Engineering,92157
174,Hershel,Abramovici,habramovici4t@hhs.gov,Male,Human Resources,47838
175,Chickie,Dumbreck,cdumbreck4u@blogger.com,Male,Marketing,36255
176,Berkly,Kocher,bkocher4v@mayoclinic.com,Male,Business Development,88843
177,Joel,Currington,jcurrington4w@mtv.com,Male,Research and Development,30710
178,Rusty,Rehm,rrehm4x@bbc.co.uk,Male,Support,98572
179,Putnam,Hagger,phagger4y@i2i.jp,Male,Sales,73834
180,Lenore,Nathon,lnathon4z@purevolume.com,Female,Research and Development,46296
181,Alia,Bosman,abosman50@typepad.com,Female,Services,52902
182,Britney,Walworth,bwalworth51@blog.com,Female,Business Development,83437
183,Normie,Seabridge,nseabridge52@cocolog-nifty.com,Male,Engineering,39054
184,Debora,Van Merwe,dvanmerwe53@walmart.com,Female,Marketing,89144
185,Flory,Gulliman,fgulliman54@foxnews.com,Female,Legal,58217
186,Obadiah,Canelas,ocanelas55@columbia.edu,Male,Research and Development,34644
187,Elijah,Spadoni,espadoni56@nps.gov,Male,Accounting,51312
188,Elsinore,Pride,epride57@slate.com,Female,Training,88699
189,Gerianna,Brattan,gbrattan58@mac.com,Female,Human Resources,84407
190,Marilin,Haygreen,mhaygreen59@1688.com,Female,Marketing,49984
191,Jami,Ladell,jladell5a@ft.com,Female,Support,73195
192,Kort,Adamec,kadamec5b@nba.com,Male,Product Management,50865
193,Benoite,Blakebrough,bblakebrough5c@jimdo.com,Female,Training,75867
194,Ddene,Greatbatch,dgreatbatch5d@miibeian.gov.cn,Female,Support,92296
195,Carce,Vedenyakin,cvedenyakin5e@multiply.com,Male,Human Resources,73478
196,Lynde,Eberst,leberst5f@friendfeed.com,Female,Product Management,37052
197,Angelo,Shout,ashout5g@theglobeandmail.com,Male,Sales,58694
198,Shirlene,Beecheno,sbeecheno5h@redcross.org,Female,Sales,68663
199,Flora,Guyet,fguyet5i@mozilla.com,Female,Accounting,30914
200,Dulcie,Perigoe,dperigoe5j@mapquest.com,Female,Sales,49362
201,Datha,Lowder,dlowder5k@time.com,Female,Accounting,89254
202,Sebastian,Hatcher,shatcher5l@theglobeandmail.com,Male,Training,93474
203,Trace,Kinrade,tkinrade5m@ask.com,Male,Marketing,72982
204,Hyacinthe,Hedin,hhedin5n@jigsy.com,Female,Legal,54004
205,Hannah,Otham,hotham5o@yale.edu,Female,Business Development,86420
206,Stephani,Willeson,swilleson5p@nytimes.com,Female,Legal,45774
207,Janaya,Joincey,jjoincey5q@sina.com.cn,Female,Services,30530
208,Egbert,Mugford,emugford5r@newsvine.com,Male,Sales,34493
209,Dottie,Ducker,dducker5s@1688.com,Female,Services,77724
210,Munroe,Coleman,mcoleman5t@uol.com.br,Male,Business Development,67183
211,Renaldo,Ruter,rruter5u@unc.edu,Male,Sales,35463
212,Ruperta,Poland,rpoland5v@dot.gov,Female,Human Resources,97084
213,Tabb,Lineker,tlineker5w@alibaba.com,Male,Support,44809
214,Ellette,Bletcher,ebletcher5x@virginia.edu,Female,Product Management,73380
215,Amelina,De Lacey,adelacey5y@aol.com,Female,Support,67717
216,Rich,Adamovicz,radamovicz5z@cyberchimps.com,Male,Sales,32631
217,Ginevra,Clelle,gclelle60@freewebs.com,Female,Support,86342
218,Prentice,Danielli,pdanielli61@ftc.gov,Male,Services,60152
219,Andromache,Pulteneye,apulteneye62@prlog.org,Female,Marketing,44998
220,Ferdinande,Szabo,fszabo63@bandcamp.com,Female,Support,31080
221,Yorgo,Mitcham,ymitcham64@forbes.com,Male,Support,41614
222,Hamish,Hulbert,hhulbert65@salon.com,Male,Business Development,53598
223,Graham,Boneham,gboneham66@bluehost.com,Male,Support,96598
224,Nickie,Snowball,nsnowball67@canalblog.com,Female,Engineering,81956
225,Giulietta,Deftie,gdeftie68@blogger.com,Female,Business Development,69415
226,Dukie,Doige,ddoige69@unc.edu,Male,Services,47399
227,Ervin,Pinwill,epinwill6a@unblog.fr,Male,Sales,67318
228,Barnard,Davidesco,bdavidesco6b@devhub.com,Male,Engineering,35385
229,Jodie,Betser,jbetser6c@blogs.com,Male,Services,90419
230,Willem,Donnachie,wdonnachie6d@paypal.com,Male,Support,37269
231,Paquito,Toten,ptoten6e@deliciousdays.com,Male,Marketing,51242
232,Gonzalo,Renals,grenals6f@yolasite.com,Male,Accounting,46012
233,Myranda,Crowcum,mcrowcum6g@bbb.org,Female,Product Management,47190
234,Brenda,Wabe,bwabe6h@mtv.com,Female,Support,50284
235,Hanny,Larkby,hlarkby6i@drupal.org,Female,Product Management,86305
236,Katya,Cudbird,kcudbird6j@dedecms.com,Female,Human Resources,37101
237,Cad,Spatig,cspatig6k@umich.edu,Male,Sales,93297
238,Roana,Phython,rphython6l@so-net.ne.jp,Female,Business Development,64954
239,Johannah,Habin,jhabin6m@e-recht24.de,Female,Business Development,32841
240,Barnie,Farlamb,bfarlamb6n@va.gov,Male,Product Management,87086
241,El,Serjeant,eserjeant6o@woothemes.com,Male,Research and Development,54920
242,Herold,Bartak,hbartak6p@hp.com,Male,Marketing,54029
243,Keven,Dowall,kdowall6q@miitbeian.gov.cn,Male,Sales,43668
244,Kelbee,O'Grady,kogrady6r@tumblr.com,Male,Support,94297
245,Mavra,Godier,mgodier6s@symantec.com,Female,Legal,82091
246,Ingunna,Volette,ivolette6t@mapy.cz,Female,Accounting,67100
247,Malynda,Kermeen,mkermeen6u@weebly.com,Female,Engineering,70926
248,Dane,Orum,dorum6v@reverbnation.com,Male,Accounting,33932
249,Marcos,Tummasutti,mtummasutti6w@businesswire.com,Male,Legal,84125
250,Heinrik,Wight,hwight6x@360.cn,Male,Accounting,82932
251,Melita,Dongall,mdongall6y@a8.net,Female,Accounting,95455
252,Gloriane,Summerbell,gsummerbell6z@people.com.cn,Female,Marketing,66607
253,Audrey,Petyakov,apetyakov70@arizona.edu,Female,Product Management,56240
254,Glendon,Pulbrook,gpulbrook71@deliciousdays.com,Male,Business Development,56385
255,Simone,Girdlestone,sgirdlestone72@seattletimes.com,Male,Accounting,47872
256,Peirce,Andrey,pandrey73@cam.ac.uk,Male,Sales,48817
257,Ann,Jovic,ajovic74@dell.com,Female,Marketing,94515
258,Archie,Crannell,acrannell75@buzzfeed.com,Male,Product Management,57071
259,Berkly,Bachshell,bbachshell76@is.gd,Male,Marketing,45899
260,Abe,Otson,aotson77@deviantart.com,Male,Human Resources,60930
261,Karleen,Prott,kprott78@devhub.com,Female,Accounting,43132
262,Jere,Ruppele,jruppele79@narod.ru,Female,Accounting,54709
263,Donnamarie,Cuxson,dcuxson7a@nhs.uk,Female,Support,53735
264,Ediva,Boxall,eboxall7b@theglobeandmail.com,Female,Support,75925
265,Quintin,Rodinger,qrodinger7c@dion.ne.jp,Male,Services,39940
266,Brenden,Giff,bgiff7d@squidoo.com,Male,Marketing,93304
267,Leo,Foggo,lfoggo7e@cargocollective.com,Male,Training,86596
268,Keefer,Venart,kvenart7f@rediff.com,Male,Support,72935
269,Hallsy,Fincham,hfincham7g@free.fr,Male,Legal,94335
270,Ashby,Wallbridge,awallbridge7h@t-online.de,Male,Training,86676
271,Livvie,Springett,lspringett7i@bbc.co.uk,Female,Legal,61931
272,Thedrick,Bulled,tbulled7j@wunderground.com,Male,Engineering,50659
273,Dulcea,Iwanicki,diwanicki7k@yellowpages.com,Female,Human Resources,92116
274,Brucie,Skiggs,bskiggs7l@cafepress.com,Male,Business Development,59371
275,Jessee,Hallatt,jhallatt7m@gravatar.com,Male,Human Resources,96539
276,Conant,Chalice,cchalice7n@cocolog-nifty.com,Male,Legal,38613
277,Arlena,Perview,aperview7o@github.com,Female,Human Resources,95502
278,Stanislaus,Sauvage,ssauvage7p@lycos.com,Male,Services,59519
279,Thorn,Castenda,tcastenda7q@hc360.com,Male,Marketing,94678
280,Fax,Petyanin,fpetyanin7r@nymag.com,Male,Research and Development,82447
281,Saunders,Blacksland,sblacksland7s@weebly.com,Male,Human Resources,70232
282,Wallie,Oxford,woxford7t@bbc.co.uk,Male,Engineering,27767
283,William,Cordeux,wcordeux7u@w3.org,Male,Accounting,54034
284,Ardisj,Kopke,akopke7v@apache.org,Female,Business Development,78548
285,Pierre,Robey,probey7w@oakley.com,Male,Marketing,40961
286,Ginnifer,Enrich,genrich7x@usgs.gov,Female,Research and Development,34282
287,Dimitri,Mosedall,dmosedall7y@alibaba.com,Male,Sales,34766
288,Randie,Dollimore,rdollimore7z@ted.com,Male,Accounting,25492
289,Benni,Dahlback,bdahlback80@examiner.com,Female,Training,64489
290,Hamnet,Greenig,hgreenig81@cisco.com,Male,Research and Development,84468
291,Fedora,Whittleton,fwhittleton82@webs.com,Female,Business Development,29890
292,Trent,Greenroad,tgreenroad83@reverbnation.com,Male,Research and Development,94597
293,Demetris,Crocetto,dcrocetto84@phoca.cz,Female,Business Development,45623
294,Rickie,Kelinge,rkelinge85@washingtonpost.com,Male,Sales,71809
295,Hewett,Zorzetti,hzorzetti86@businesswire.com,Male,Support,32224
296,Billie,Ionnisian,bionnisian87@google.com.hk,Male,Training,54515
297,Buck,Aime,baime88@imdb.com,Male,Marketing,97592
298,Laurie,Topper,ltopper89@jugem.jp,Male,Accounting,91592
299,Bertina,Wankel,bwankel8a@tripadvisor.com,Female,Marketing,57926
300,Margret,Greenall,mgreenall8b@ehow.com,Female,Sales,35311
301,Irita,McCrohon,imccrohon8c@csmonitor.com,Female,Engineering,28849
302,Vivi,Stieger,vstieger8d@oakley.com,Female,Training,96009
303,Felic,Airds,fairds8e@nytimes.com,Male,Support,89911
304,Rudy,Sallings,rsallings8f@netvibes.com,Male,Legal,65737
305,Jack,Jeanesson,jjeanesson8g@multiply.com,Male,Services,75765
306,Frankie,Bevar,fbevar8h@theglobeandmail.com,Male,Human Resources,59600
307,Samuel,D'Aubney,sdaubney8i@twitpic.com,Male,Product Management,37507
308,Zorah,Joel,zjoel8j@geocities.com,Female,Business Development,56139
309,Culver,Feldstein,cfeldstein8k@utexas.edu,Male,Services,27213
310,Arliene,Baysting,abaysting8l@go.com,Female,Accounting,67366
311,Mei,Alston,malston8m@ustream.tv,Female,Business Development,27552
312,Marjorie,Pickthall,mpickthall8n@amazonaws.com,Female,Training,64940
313,Gareth,Hattam,ghattam8o@china.com.cn,Male,Legal,80767
314,Anabel,Colafate,acolafate8p@1688.com,Female,Training,33844
315,Clare,Whipp,cwhipp8q@issuu.com,Male,Legal,91768
316,Simmonds,Boost,sboost8r@flickr.com,Male,Research and Development,60162
317,Panchito,Grinishin,pgrinishin8s@dyndns.org,Male,Services,29795
318,Bev,Bere,bbere8t@utexas.edu,Male,Support,57667
319,Bessie,Cochet,bcochet8u@phoca.cz,Female,Sales,53154
320,Jase,Kidd,jkidd8v@hao123.com,Male,Business Development,73197
321,Peta,Tryme,ptryme8w@cargocollective.com,Female,Marketing,77650
322,Leena,Lamey,llamey8x@oakley.com,Female,Human Resources,60362
323,Sayer,Loxly,sloxly8y@instagram.com,Male,Support,25714
324,Quentin,Balk,qbalk8z@feedburner.com,Male,Services,62826
325,La verne,Tenbrug,ltenbrug90@bbb.org,Female,Sales,25468
326,Agatha,Devenish,adevenish91@livejournal.com,Female,Services,65321
327,Josephine,Ivashov,jivashov92@scribd.com,Female,Research and Development,37875
328,Davidde,Arnowicz,darnowicz93@skyrock.com,Male,Product Management,56998
329,Paige,Dobbinson,pdobbinson94@wordpress.com,Male,Services,88181
330,Myrtle,Scarsbrooke,mscarsbrooke95@answers.com,Female,Business Development,55517
331,Aigneis,Bretelle,abretelle96@zimbio.com,Female,Business Development,28659
332,Townie,Hargreves,thargreves97@taobao.com,Male,Engineering,81049
333,Curran,Sturley,csturley98@unicef.org,Male,Research and Development,79315
334,Delmore,Kew,dkew99@indiegogo.com,Male,Business Development,78477
335,Ichabod,Waldren,iwaldren9a@friendfeed.com,Male,Legal,71300
336,Gasparo,Le Gallo,glegallo9b@senate.gov,Male,Research and Development,26600
337,Evangelin,Gariff,egariff9c@indiegogo.com,Female,Training,80682
338,Essa,Burtwistle,eburtwistle9d@ocn.ne.jp,Female,Human Resources,73182
339,Xenia,O'Rafferty,xorafferty9e@xing.com,Female,Sales,57081
340,Delly,Foskett,dfoskett9f@msu.edu,Female,Sales,75480
341,Thorin,McGahey,tmcgahey9g@google.fr,Male,Support,86348
342,Lotty,Baversor,lbaversor9h@yellowpages.com,Female,Support,92539
343,Maggee,Rallinshaw,mrallinshaw9i@yelp.com,Female,Product Management,72280
344,Jaquenette,Brunelli,jbrunelli9j@delicious.com,Female,Engineering,48561
345,Arv,Anderer,aanderer9k@clickbank.net,Male,Services,50560
346,Iosep,Booth-Jarvis,iboothjarvis9l@ehow.com,Male,Marketing,60218
347,Andra,Collister,acollister9m@godaddy.com,Female,Research and Development,53904
348,Melodee,Barkess,mbarkess9n@who.int,Female,Engineering,89967
349,Hersch,Venny,hvenny9o@theatlantic.com,Male,Training,55289
350,Flor,Bassham,fbassham9p@homestead.com,Female,Accounting,51695
351,Cissy,Forrest,cforrest9q@msu.edu,Female,Marketing,26318
352,Karel,Pickworth,kpickworth9r@google.co.uk,Male,Legal,67731
353,Dyann,Jeroch,djeroch9s@bbc.co.uk,Female,Research and Development,39749
354,Vinita,Eusden,veusden9t@slideshare.net,Female,Accounting,37959
355,Matthieu,Whitehead,mwhitehead9u@nationalgeographic.com,Male,Product Management,92862
356,Jack,Lauder,jlauder9v@sphinn.com,Male,Training,95269
357,Thatch,Tarquini,ttarquini9w@google.de,Male,Human Resources,79715
358,Uta,Mithon,umithon9x@behance.net,Female,Training,56027
359,Jameson,Aland,jaland9y@multiply.com,Male,Research and Development,42766
360,Rickie,Ellison,rellison9z@elpais.com,Female,Accounting,45605
361,Zita,Wheatland,zwheatlanda0@tuttocitta.it,Female,Product Management,88035
362,Kris,Collison,kcollisona1@slashdot.org,Male,Product Management,45844
363,Dalton,Edmands,dedmandsa2@yellowbook.com,Male,Research and Development,31289
364,Barn,Woollhead,bwoollheada3@bigcartel.com,Male,Legal,80698
365,Gusella,Petkens,gpetkensa4@un.org,Female,Sales,82340
366,Donn,Elbourn,delbourna5@creativecommons.org,Male,Business Development,61730
367,Geoffrey,MacIlraith,gmacilraitha6@symantec.com,Male,Engineering,95289
368,Tracie,Slinn,tslinna7@lycos.com,Female,Accounting,33412
369,Irwinn,Duckett,iducketta8@lulu.com,Male,Product Management,49345
370,Mattie,Rizzotto,mrizzottoa9@cnet.com,Male,Marketing,35992
371,Gregor,Jobern,gjobernaa@pagesperso-orange.fr,Male,Marketing,97612
372,Horst,Filan,hfilanab@columbia.edu,Male,Marketing,65466
373,Alessandro,Plane,aplaneac@tamu.edu,Male,Engineering,90180
374,Cherise,Proffitt,cproffittad@oracle.com,Female,Support,41139
375,Elisabetta,Prettyjohn,eprettyjohnae@printfriendly.com,Female,Accounting,68660
376,Vere,Earley,vearleyaf@infoseek.co.jp,Female,Training,63750
377,Anna-diane,Berthon,aberthonag@google.es,Female,Business Development,74982
378,Ferdy,Billson,fbillsonah@surveymonkey.com,Male,Training,42121
379,Franklyn,Lamboll,flambollai@engadget.com,Male,Human Resources,66654
380,Toinette,McBoyle,tmcboyleaj@mit.edu,Female,Accounting,91151
381,Verile,Zuppa,vzuppaak@prlog.org,Female,Marketing,55336
382,Klemens,Vicary,kvicaryal@icq.com,Male,Marketing,75861
383,Kimberlyn,Comizzoli,kcomizzoliam@webs.com,Female,Research and Development,34544
384,Tadio,Wakeley,twakeleyan@github.io,Male,Training,36287
385,Udale,Trott,utrottao@theglobeandmail.com,Male,Human Resources,37551
386,Cindee,Domnick,cdomnickap@seesaa.net,Female,Engineering,28755
387,Marice,Gueinn,mgueinnaq@google.de,Female,Training,97494
388,Meghan,Jacks,mjacksar@jiathis.com,Female,Services,36936
389,Esme,Timby,etimbyas@chron.com,Male,Engineering,67065
390,Carlie,Dewey,cdeweyat@intel.com,Female,Services,95646
391,Reynolds,Locke,rlockeau@earthlink.net,Male,Accounting,85241
392,Matthaeus,Ivashinnikov,mivashinnikovav@myspace.com,Male,Product Management,54595
393,Jaynell,Hewell,jhewellaw@google.ru,Female,Sales,81587
394,Larissa,Risebarer,lrisebarerax@usnews.com,Female,Product Management,82968
395,Reese,Sinnett,rsinnettay@sun.com,Male,Services,57322
396,Granville,Paradis,gparadisaz@unicef.org,Male,Support,84754
397,Gary,Brigstock,gbrigstockb0@nydailynews.com,Male,Human Resources,93976
398,Waverley,Ivatt,wivattb1@uiuc.edu,Male,Research and Development,70893
399,Katha,Marshallsay,kmarshallsayb2@netlog.com,Female,Accounting,44003
400,Velma,Elham,velhamb3@google.ca,Female,Support,93885
401,Kenton,Sawle,ksawleb4@bigcartel.com,Male,Sales,95069
402,Ray,Grimditch,rgrimditchb5@businessinsider.com,Male,Sales,66771
403,Mada,Shallcross,mshallcrossb6@barnesandnoble.com,Female,Research and Development,75547
404,Adrianne,Dautry,adautryb7@studiopress.com,Female,Support,44683
405,Corinne,Fairfoul,cfairfoulb8@vkontakte.ru,Female,Product Management,55528
406,Burgess,Stickins,bstickinsb9@canalblog.com,Male,Research and Development,70034
407,Nata,Figurski,nfigurskiba@clickbank.net,Female,Research and Development,84757
408,Ingrim,McGlew,imcglewbb@usa.gov,Male,Support,82701
409,Merill,Argile,margilebc@posterous.com,Male,Services,74673
410,Everett,Hogben,ehogbenbd@yellowpages.com,Male,Accounting,68034
411,Saba,Treece,streecebe@youku.com,Female,Product Management,38904
412,Dolley,Ion,dionbf@oaic.gov.au,Female,Research and Development,88570
413,Ebeneser,Cumesky,ecumeskybg@51.la,Male,Accounting,78233
414,Aurilia,Minucci,aminuccibh@washingtonpost.com,Female,Accounting,29903
415,Avis,Eydel,aeydelbi@ebay.com,Female,Legal,88310
416,Jerrie,Gianilli,jgianillibj@timesonline.co.uk,Female,Support,35695
417,Harriot,Estevez,hestevezbk@vistaprint.com,Female,Product Management,73858
418,Hoyt,Vodden,hvoddenbl@spiegel.de,Male,Services,51885
419,Kelsy,Cettell,kcettellbm@rambler.ru,Female,Training,87145
420,Trista,Mattaus,tmattausbn@state.gov,Female,Product Management,70539
421,Hammad,Longhurst,hlonghurstbo@mashable.com,Male,Marketing,31010
422,Waldemar,Dufore,wduforebp@bigcartel.com,Male,Research and Development,91160
423,Leesa,Crawforth,lcrawforthbq@toplist.cz,Female,Support,44246
424,Sybyl,Winward,swinwardbr@bloglines.com,Female,Sales,25297
425,Nap,Brounsell,nbrounsellbs@ezinearticles.com,Male,Support,37756
426,Amelina,Cussen,acussenbt@dell.com,Female,Marketing,26742
427,Tasha,Goddert.sf,tgoddertsfbu@loc.gov,Female,Accounting,32310
428,Stanislaus,McCullock,smccullockbv@etsy.com,Male,Product Management,49190
429,Rhodie,Iveson,rivesonbw@nytimes.com,Female,Engineering,49194
430,Simonette,Gandley,sgandleybx@spiegel.de,Female,Engineering,85868
431,Doroteya,Yuranovev,dyuranovevby@statcounter.com,Female,Legal,64478
432,Lenora,Smithers,lsmithersbz@bbc.co.uk,Female,Engineering,69686
433,Cami,Swires,cswiresc0@exblog.jp,Female,Product Management,46851
434,Neron,Fagge,nfaggec1@nih.gov,Male,Product Management,66206
435,Camella,Winwright,cwinwrightc2@123-reg.co.uk,Female,Legal,30414
436,Laurel,Force,lforcec3@va.gov,Female,Legal,98281
437,Laughton,Chadwyck,lchadwyckc4@exblog.jp,Male,Sales,69034
438,Margette,Skim,mskimc5@sogou.com,Female,Engineering,75546
439,Gerardo,Tresler,gtreslerc6@guardian.co.uk,Male,Services,54249
440,Leon,Torregiani,ltorregianic7@edublogs.org,Male,Business Development,38455
441,Edmund,Lampert,elampertc8@addthis.com,Male,Sales,66744
442,Nathanil,Sutter,nsutterc9@tinyurl.com,Male,Engineering,34774
443,Tadio,Caro,tcaroca@acquirethisname.com,Male,Accounting,51943
444,Sheelagh,Erley,serleycb@homestead.com,Female,Marketing,27773
445,Phil,Quarrie,pquarriecc@adobe.com,Male,Services,78975
446,Julietta,Veronique,jveroniquecd@eventbrite.com,Female,Services,28577
447,Gaven,Sneden,gsnedence@upenn.edu,Male,Human Resources,91144
448,Isobel,Clarae,iclaraecf@taobao.com,Female,Marketing,58694
449,Kin,Dick,kdickcg@webnode.com,Male,Sales,65970
450,Aloisia,McIlvaney,amcilvaneych@noaa.gov,Female,Services,27459
451,Sasha,Yanele,syaneleci@blogger.com,Male,Engineering,91904
452,Manuel,Hazelton,mhazeltoncj@reuters.com,Male,Research and Development,72933
453,Brendon,Kimmel,bkimmelck@aboutads.info,Male,Product Management,90567
454,Kirsti,Suatt,ksuattcl@unesco.org,Female,Support,52822
455,Boot,Beechcraft,bbeechcraftcm@bbc.co.uk,Male,Business Development,59970
456,Berky,O'Hare,boharecn@aboutads.info,Male,Product Management,94397
457,Brander,Lindsay,blindsayco@psu.edu,Male,Support,77225
458,Bear,Whiffin,bwhiffincp@joomla.org,Male,Research and Development,67200
459,Galven,Scoterbosh,gscoterboshcq@vistaprint.com,Male,Legal,35754
460,Hamilton,Kenrack,hkenrackcr@chicagotribune.com,Male,Research and Development,28080
461,Petra,Breitler,pbreitlercs@jigsy.com,Female,Engineering,91060
462,Lianne,Hadkins,lhadkinsct@php.net,Female,Research and Development,68905
463,Mady,Heams,mheamscu@economist.com,Female,Human Resources,72613
464,Hervey,Horning,hhorningcv@squidoo.com,Male,Marketing,55169
465,Trixi,Rannie,tranniecw@imageshack.us,Female,Engineering,72614
466,Janos,Heningam,jheningamcx@buzzfeed.com,Male,Sales,98288
467,Moria,Fishlee,mfishleecy@reuters.com,Female,Legal,34040
468,Genna,Davenhall,gdavenhallcz@icq.com,Female,Sales,69408
469,Weider,Snelson,wsnelsond0@163.com,Male,Engineering,94004
470,Lucita,Carcass,lcarcassd1@ebay.co.uk,Female,Support,96338
471,Berta,Speares,bspearesd2@desdev.cn,Female,Services,74341
472,Tobit,Rigate,trigated3@goo.gl,Male,Engineering,25027
473,Cory,Tosh,ctoshd4@canalblog.com,Male,Human Resources,79933
474,Archambault,Naulty,anaultyd5@epa.gov,Male,Product Management,36786
475,Brandy,Blincow,bblincowd6@ifeng.com,Male,Training,68053
476,Dov,Strognell,dstrognelld7@ow.ly,Male,Engineering,59079
477,Derby,Slocum,dslocumd8@prnewswire.com,Male,Services,64543
478,Stoddard,Broszkiewicz,sbroszkiewiczd9@i2i.jp,Female,Support,69084
479,Kara-lynn,Linzee,klinzeeda@baidu.com,Female,Product Management,69103
480,Catharina,Kinchley,ckinchleydb@ow.ly,Female,Support,68208
481,Poul,Ucchino,pucchinodc@amazonaws.com,Male,Human Resources,74569
482,Donaugh,Santry,dsantrydd@networkadvertising.org,Male,Services,35801
483,Grace,Muddle,gmuddlede@yellowpages.com,Female,Legal,93636
484,Leopold,Clampe,lclampedf@discuz.net,Male,Research and Development,77802
485,Pepillo,Jentzsch,pjentzschdg@mlb.com,Male,Research and Development,63446
486,Blondelle,Castanho,bcastanhodh@e-recht24.de,Female,Training,73438
487,Truda,Arzu,tarzudi@europa.eu,Female,Accounting,97242
488,Dotty,Petrou,dpetroudj@google.ru,Female,Marketing,77196
489,Valida,Charpling,vcharplingdk@wufoo.com,Female,Services,90603
490,Eadith,Comport,ecomportdl@nymag.com,Female,Engineering,97843
491,Caro,Lesaunier,clesaunierdm@ow.ly,Female,Product Management,72448
492,Roderic,Saipy,rsaipydn@noaa.gov,Male,Accounting,76306
493,Rayner,Carradice,rcarradicedo@state.tx.us,Male,Legal,81997
494,Jamison,Andrini,jandrinidp@fastcompany.com,Male,Engineering,65940
495,Giacobo,Keaves,gkeavesdq@ifeng.com,Male,Training,96211
496,Agnola,Borrie,aborriedr@yandex.ru,Female,Support,48685
497,Charlie,Vasnev,cvasnevds@ucoz.com,Male,Marketing,57993
498,Lelia,Bushe,lbushedt@istockphoto.com,Female,Services,58010
499,Delores,Smithen,dsmithendu@newsvine.com,Female,Engineering,61804
500,Titus,Whiteley,twhiteleydv@amazon.co.jp,Male,Engineering,59564
501,Cati,Grindley,cgrindleydw@mtv.com,Female,Business Development,58232
502,Harwilll,Ughelli,hughellidx@independent.co.uk,Male,Support,40142
503,Ashlee,Schreurs,aschreursdy@hhs.gov,Female,Product Management,69670
504,Lin,Eley,leleydz@behance.net,Male,Legal,27913
505,Cesare,Sterrie,csterriee0@merriam-webster.com,Male,Support,85494
506,Lannie,Kliement,lkliemente1@goo.gl,Male,Training,79087
507,Toddy,Marshall,tmarshalle2@phoca.cz,Male,Marketing,78603
508,Anastassia,MacTurlough,amacturloughe3@sfgate.com,Female,Product Management,28643
509,Noelle,Wortley,nwortleye4@nifty.com,Female,Training,86610
510,Lockwood,Sazio,lsazioe5@spiegel.de,Male,Support,82667
511,Fallon,Connikie,fconnikiee6@bandcamp.com,Female,Product Management,47288
512,Ebba,Sanchez,esancheze7@1688.com,Female,Marketing,81964
513,Noreen,Gable,ngablee8@yandex.ru,Female,Product Management,64908
514,Klarrisa,Blanchet,kblanchete9@163.com,Female,Sales,60639
515,Artus,Giorgini,agiorginiea@soundcloud.com,Male,Services,85595
516,Ware,McIlwain,wmcilwaineb@discovery.com,Male,Training,89525
517,Elaine,Gutsell,egutsellec@wisc.edu,Female,Human Resources,55208
518,Claudio,Kording,ckordinged@psu.edu,Male,Training,51943
519,Almire,Sambeck,asambeckee@google.ru,Female,Human Resources,29526
520,Mavra,Dolohunty,mdolohuntyef@samsung.com,Female,Sales,53752
521,Grady,Cookman,gcookmaneg@dagondesign.com,Male,Product Management,38116
522,Irma,Cookney,icookneyeh@pbs.org,Female,Human Resources,70983
523,Randie,Kellegher,rkellegherei@prweb.com,Female,Human Resources,95463
524,Jewelle,Vallis,jvallisej@java.com,Female,Product Management,74679
525,Kali,Klasing,kklasingek@nationalgeographic.com,Female,Business Development,27502
526,Austen,Berkely,aberkelyel@godaddy.com,Male,Engineering,66523
527,Thorndike,Gallaher,tgallaherem@craigslist.org,Male,Business Development,95033
528,Gisella,Denington,gdeningtonen@hostgator.com,Female,Support,66454
529,Bran,Hanhard,bhanhardeo@springer.com,Male,Research and Development,89562
530,Noah,Impey,nimpeyep@umn.edu,Male,Marketing,68483
531,Kerry,Skokoe,kskokoeeq@woothemes.com,Male,Support,96595
532,Briggs,Taffurelli,btaffurellier@kickstarter.com,Male,Business Development,35164
533,Rosette,Girardi,rgirardies@hostgator.com,Female,Support,77385
534,Florance,Barr,fbarret@discovery.com,Female,Engineering,51258
535,Inger,Mariyushkin,imariyushkineu@twitpic.com,Female,Services,98284
536,Thom,Burke,tburkeev@mac.com,Male,Research and Development,31156
537,Ikey,Rump,irumpew@opera.com,Male,Business Development,98867
538,Kellsie,Friel,kfrielex@gnu.org,Female,Engineering,56431
539,Nollie,Bamlett,nbamlettey@fotki.com,Female,Business Development,74124
540,Ashla,Leynton,aleyntonez@archive.org,Female,Human Resources,28871
541,Bess,Mattielli,bmattiellif0@webmd.com,Female,Engineering,25750
542,Bebe,Tumelty,btumeltyf1@usgs.gov,Female,Product Management,61526
543,Dorothea,Humbie,dhumbief2@parallels.com,Female,Engineering,45554
544,Fancie,Hurnell,fhurnellf3@moonfruit.com,Female,Sales,28729
545,Wally,Knight,wknightf4@nymag.com,Male,Training,95099
546,Maryanne,Bitchener,mbitchenerf5@usa.gov,Female,Human Resources,73644
547,Thibaut,Ximenez,tximenezf6@dedecms.com,Male,Accounting,92526
548,Cathe,Buard,cbuardf7@washingtonpost.com,Female,Research and Development,74358
549,Amata,Potticary,apotticaryf8@fema.gov,Female,Training,73626
550,Mara,Morville,mmorvillef9@linkedin.com,Female,Research and Development,78921
551,Jamil,Challes,jchallesfa@cnn.com,Male,Engineering,94030
552,Marrilee,Snasel,msnaselfb@fda.gov,Female,Marketing,30769
553,Nevil,Rule,nrulefc@xing.com,Male,Product Management,75331
554,Branden,Mattersley,bmattersleyfd@scientificamerican.com,Male,Research and Development,96009
555,Minda,Gwatkins,mgwatkinsfe@google.cn,Female,Engineering,45612
556,Alikee,Farraway,afarrawayff@behance.net,Female,Training,34704
557,Caspar,Deerness,cdeernessfg@4shared.com,Male,Product Management,73964
558,Arnaldo,Guyton,aguytonfh@gnu.org,Male,Accounting,98595
559,Lorinda,Bonnor,lbonnorfi@sakura.ne.jp,Female,Training,69280
560,La verne,Jurisic,ljurisicfj@posterous.com,Female,Research and Development,26366
561,Clemmie,D'Alwis,cdalwisfk@studiopress.com,Male,Legal,41014
562,Berne,Diggons,bdiggonsfl@bloglovin.com,Male,Product Management,31947
563,Dennet,Rouge,drougefm@ft.com,Male,Legal,40537
564,Quint,Joburn,qjoburnfn@networkadvertising.org,Male,Accounting,53468
565,Lona,Nossent,lnossentfo@gizmodo.com,Female,Sales,93162
566,Estelle,O'Criane,eocrianefp@comcast.net,Female,Support,28508
567,Kippie,Minghella,kminghellafq@ucoz.com,Male,Research and Development,48562
568,Hermia,Bertolaccini,hbertolaccinifr@wiley.com,Female,Services,56027
569,Dierdre,Boughton,dboughtonfs@canalblog.com,Female,Training,58706
570,Derward,Witherow,dwitherowft@diigo.com,Male,Training,72788
571,Davidson,Parlet,dparletfu@51.la,Male,Engineering,82790
572,Tilda,Saffer,tsafferfv@narod.ru,Female,Legal,89314
573,Caralie,Sinott,csinottfw@slashdot.org,Female,Accounting,56942
574,Andrea,Orniz,aornizfx@china.com.cn,Male,Marketing,36733
575,Conroy,Dawley,cdawleyfy@blinklist.com,Male,Marketing,79908
576,Lotta,Kix,lkixfz@skype.com,Female,Support,26434
577,Bennie,Whiteway,bwhitewayg0@msu.edu,Male,Business Development,59949
578,Lilla,MacNamee,lmacnameeg1@weibo.com,Female,Human Resources,55832
579,Ollie,Etherton,oethertong2@sun.com,Male,Training,51931
580,Gabriella,Hamblyn,ghamblyng3@smh.com.au,Female,Research and Development,93558
581,Etan,Hardingham,ehardinghamg4@webnode.com,Male,Accounting,85692
582,Freddy,Sallnow,fsallnowg5@delicious.com,Female,Research and Development,57484
583,Judy,Wilne,jwilneg6@flickr.com,Female,Business Development,32274
584,Anders,Barneville,abarnevilleg7@blogtalkradio.com,Male,Engineering,47987
585,Xerxes,Tollerfield,xtollerfieldg8@miitbeian.gov.cn,Male,Services,27361
586,Anders,Thorrington,athorringtong9@clickbank.net,Male,Human Resources,62123
587,Corrianne,Quarles,cquarlesga@wired.com,Female,Services,89650
588,Florinda,Furst,ffurstgb@google.pl,Female,Business Development,94144
589,Early,Leyton,eleytongc@hibu.com,Male,Marketing,71398
590,Gussie,Pickersgill,gpickersgillgd@wp.com,Female,Marketing,98501
591,Eugenie,Tinham,etinhamge@jalbum.net,Female,Sales,61150
592,Rubin,Basilone,rbasilonegf@gmpg.org,Male,Support,57931
593,Lewiss,Bull,lbullgg@japanpost.jp,Male,Accounting,98910
594,Jenilee,Mushet,jmushetgh@yahoo.co.jp,Female,Human Resources,58971
595,Zenia,Beadell,zbeadellgi@pcworld.com,Female,Legal,43754
596,Mandie,Pennell,mpennellgj@quantcast.com,Female,Engineering,25818
597,Marielle,Troyes,mtroyesgk@phpbb.com,Female,Legal,34929
598,Codee,Uzielli,cuzielligl@bigcartel.com,Female,Training,57227
599,Othelia,Alvis,oalvisgm@ftc.gov,Female,Marketing,29690
600,Dix,Powlett,dpowlettgn@gizmodo.com,Female,Marketing,81835
601,Dare,Chaperling,dchaperlinggo@multiply.com,Male,Sales,46063
602,Blaire,Pendrich,bpendrichgp@columbia.edu,Female,Accounting,86063
603,Elga,Sygroves,esygrovesgq@harvard.edu,Female,Accounting,46884
604,Dennison,Fawloe,dfawloegr@businessinsider.com,Male,Marketing,76370
605,Tiff,Luxmoore,tluxmooregs@angelfire.com,Female,Training,54834
606,Kendrick,Michal,kmichalgt@cnet.com,Male,Legal,65803
607,Modesta,Sammut,msammutgu@blog.com,Female,Human Resources,74347
608,Tasha,Braddick,tbraddickgv@europa.eu,Female,Research and Development,74159
609,Jillian,Caldecourt,jcaldecourtgw@opensource.org,Female,Marketing,66583
610,Harman,Triggel,htriggelgx@google.com.au,Male,Research and Development,72132
611,Marmaduke,Genn,mgenngy@topsy.com,Male,Services,36100
612,Derward,Eggleston,degglestongz@vk.com,Male,Training,60962
613,Nicolle,Philippson,nphilippsonh0@ebay.com,Female,Engineering,59321
614,Tatiana,Ferrone,tferroneh1@zdnet.com,Female,Sales,98389
615,Chrissy,Gannicott,cgannicotth2@oracle.com,Male,Marketing,38305
616,Emmy,Bonhomme,ebonhommeh3@msu.edu,Female,Training,54105
617,Rutter,Pavelka,rpavelkah4@booking.com,Male,Support,74217
618,Merilyn,Jersch,mjerschh5@youtu.be,Female,Training,37083
619,Ajay,Brosio,abrosioh6@spiegel.de,Female,Product Management,49000
620,Jordana,Daldan,jdaldanh7@columbia.edu,Female,Support,51935
621,Prescott,Scamerden,pscamerdenh8@twitter.com,Male,Product Management,34149
622,Milissent,Yes,myesh9@php.net,Female,Engineering,41600
623,Daffi,Boak,dboakha@cafepress.com,Female,Business Development,60632
624,Seward,Birtley,sbirtleyhb@businessweek.com,Male,Business Development,82213
625,Osmund,Ronayne,oronaynehc@bloglovin.com,Male,Training,68438
626,Nicolis,Holburn,nholburnhd@acquirethisname.com,Male,Accounting,39761
627,Michele,MacIlory,mmaciloryhe@economist.com,Female,Services,31288
628,Isabelle,Bohlmann,ibohlmannhf@ucoz.ru,Female,Human Resources,70353
629,Kat,Sparham,ksparhamhg@is.gd,Female,Training,79380
630,Ines,Woltman,iwoltmanhh@joomla.org,Female,Services,51147
631,Maisey,Danielsky,mdanielskyhi@hao123.com,Female,Business Development,89999
632,Christan,MacAnulty,cmacanultyhj@hud.gov,Female,Marketing,41840
633,Aurie,Mumm,amummhk@sogou.com,Female,Engineering,76483
634,Trefor,Siegertsz,tsiegertszhl@github.com,Male,Human Resources,49009
635,Niels,Desson,ndessonhm@themeforest.net,Male,Training,36934
636,Kanya,Hegg,khegghn@army.mil,Female,Services,85709
637,Sadye,Granger,sgrangerho@cornell.edu,Female,Sales,79356
638,Tito,Overbury,toverburyhp@cdbaby.com,Male,Business Development,52164
639,Florella,Whybrow,fwhybrowhq@shop-pro.jp,Female,Accounting,71079
640,Rochester,Harvison,rharvisonhr@engadget.com,Male,Services,57410
641,Jewelle,Leglise,jleglisehs@google.ca,Female,Legal,34006
642,Harris,Fray,hfrayht@tiny.cc,Male,Research and Development,68184
643,Glendon,Granger,ggrangerhu@hao123.com,Male,Research and Development,73935
644,Marijo,Inwood,minwoodhv@shinystat.com,Female,Support,34356
645,Philbert,Laverock,plaverockhw@list-manage.com,Male,Engineering,76176
646,Patrica,Ipsgrave,pipsgravehx@smh.com.au,Female,Accounting,95020
647,Jsandye,Waldrum,jwaldrumhy@skype.com,Female,Legal,93173
648,Aldo,Perazzo,aperazzohz@digg.com,Male,Accounting,71221
649,Rosemonde,Sirmon,rsirmoni0@yale.edu,Female,Product Management,58791
650,Jorey,Neames,jneamesi1@skyrock.com,Female,Training,46881
651,Beverley,Rodolico,brodolicoi2@mapquest.com,Female,Services,36080
652,Darrin,Midson,dmidsoni3@narod.ru,Male,Services,54594
653,Kerstin,Coleford,kcolefordi4@nationalgeographic.com,Female,Legal,88966
654,Jocko,Hugonneau,jhugonneaui5@princeton.edu,Male,Business Development,80298
655,Arlen,Woloschin,awoloschini6@sogou.com,Female,Training,82155
656,Arabelle,Uzielli,auziellii7@flavors.me,Female,Training,85988
657,Carolin,Hartigan,chartigani8@wikimedia.org,Female,Legal,92955
658,Dwayne,McQuilty,dmcquiltyi9@bloglovin.com,Male,Training,93819
659,Dollie,Woolfall,dwoolfallia@tiny.cc,Female,Product Management,52049
660,Rich,Riby,rribyib@google.ca,Male,Accounting,36269
661,Willdon,Clutterbuck,wclutterbuckic@1und1.de,Male,Services,95784
662,Frants,Coils,fcoilsid@etsy.com,Male,Marketing,48712
663,Hinze,Mayger,hmaygerie@sphinn.com,Male,Accounting,76644
664,Connie,Tatam,ctatamif@berkeley.edu,Female,Accounting,68589
665,Anastasie,Skinley,askinleyig@foxnews.com,Female,Product Management,50695
666,Lock,Rainford,lrainfordih@paginegialle.it,Male,Accounting,31718
667,Isidore,Breheny,ibrehenyii@naver.com,Male,Sales,53465
668,Orelia,Terney,oterneyij@wsj.com,Female,Legal,37741
669,Pammy,Bluschke,pbluschkeik@behance.net,Female,Engineering,93032
670,Orel,Lardeur,olardeuril@feedburner.com,Female,Sales,79486
671,Roy,Lawlan,rlawlanim@utexas.edu,Male,Training,28484
672,Georgi,Daubeny,gdaubenyin@va.gov,Male,Research and Development,29676
673,Becca,Dwelley,bdwelleyio@vinaora.com,Female,Product Management,43939
674,Kimmy,Mogridge,kmogridgeip@simplemachines.org,Female,Services,74470
675,Gearard,Audritt,gaudrittiq@cnbc.com,Male,Research and Development,41962
676,Rosalinde,Aysh,rayshir@bbc.co.uk,Female,Research and Development,43138
677,Philis,Dodell,pdodellis@cbsnews.com,Female,Services,74006
678,Alie,Syres,asyresit@dagondesign.com,Female,Services,62071
679,Teodoro,Rogeon,trogeoniu@godaddy.com,Male,Business Development,84641
680,Allina,Surgeon,asurgeoniv@independent.co.uk,Female,Product Management,40100
681,Silvain,Mulleary,smullearyiw@cpanel.net,Male,Product Management,81647
682,Beaufort,Dyment,bdymentix@samsung.com,Male,Engineering,96833
683,Danice,Mc Pake,dmcpakeiy@timesonline.co.uk,Female,Research and Development,32574
684,Rahal,Bulstrode,rbulstrodeiz@whitehouse.gov,Female,Training,59388
685,Ferris,Francombe,ffrancombej0@360.cn,Male,Engineering,56085
686,Brewer,Quaif,bquaifj1@prnewswire.com,Male,Research and Development,45249
687,Cammy,Hartnup,chartnupj2@soup.io,Male,Marketing,96867
688,Gregoor,Diddams,gdiddamsj3@ftc.gov,Male,Services,49046
689,Lynea,Conochie,lconochiej4@hud.gov,Female,Human Resources,34078
690,Guido,Walaron,gwalaronj5@blogger.com,Male,Marketing,49274
691,Isahella,Boland,ibolandj6@usnews.com,Female,Research and Development,70117
692,Anissa,Caseley,acaseleyj7@intel.com,Female,Product Management,25256
693,Yoko,Emney,yemneyj8@ameblo.jp,Female,Training,70793
694,Heath,Gurden,hgurdenj9@mac.com,Male,Marketing,74549
695,Felizio,Juschke,fjuschkeja@mac.com,Male,Training,87553
696,Ellerey,De Vries,edevriesjb@yahoo.com,Male,Marketing,53692
697,Lona,Agirre,lagirrejc@tumblr.com,Female,Sales,29026
698,Traver,Spon,tsponjd@prnewswire.com,Male,Support,84479
699,Munroe,Eller,mellerje@home.pl,Male,Training,33945
700,Cher,Sautter,csautterjf@dedecms.com,Female,Human Resources,93003
701,Clarance,Bellhouse,cbellhousejg@reference.com,Male,Engineering,46657
702,Irene,Strute,istrutejh@wiley.com,Female,Services,46240
703,Coral,Conrart,cconrartji@washingtonpost.com,Female,Marketing,30523
704,Jonis,Foxcroft,jfoxcroftjj@ox.ac.uk,Female,Human Resources,62127
705,Shea,Coushe,scoushejk@i2i.jp,Male,Engineering,96635
706,Harlen,Minihan,hminihanjl@newyorker.com,Male,Marketing,96926
707,Ediva,Hubback,ehubbackjm@icq.com,Female,Marketing,65809
708,Sheela,Gillions,sgillionsjn@cnn.com,Female,Services,50988
709,Baron,Turvey,bturveyjo@yellowpages.com,Male,Business Development,93105
710,Hakim,Demchen,hdemchenjp@wisc.edu,Male,Marketing,46737
711,Bucky,Smidmor,bsmidmorjq@goo.ne.jp,Male,Human Resources,90637
712,Neill,Lydiard,nlydiardjr@dagondesign.com,Male,Human Resources,43419
713,Leland,Blaskett,lblaskettjs@vinaora.com,Female,Support,60694
714,Emmerich,Guislin,eguislinjt@unicef.org,Male,Sales,34951
715,Sheila-kathryn,Macieja,smaciejaju@sciencedirect.com,Female,Sales,95339
716,Carol,Vaen,cvaenjv@ehow.com,Female,Product Management,47658
717,Jordana,Turban,jturbanjw@sourceforge.net,Female,Training,72063
718,Jeffrey,Huton,jhutonjx@army.mil,Male,Engineering,92660
719,Bear,Attride,battridejy@sogou.com,Male,Marketing,39139
720,Misti,Lawlings,mlawlingsjz@joomla.org,Female,Legal,29560
721,Glenn,Neill,gneillk0@examiner.com,Male,Services,40196
722,Dickie,Shegog,dshegogk1@shop-pro.jp,Male,Product Management,44930
723,Frederick,Trustey,ftrusteyk2@nsw.gov.au,Male,Legal,98055
724,Micaela,Johnigan,mjohnigank3@sitemeter.com,Female,Legal,96793
725,Talbot,Hudleston,thudlestonk4@wufoo.com,Male,Engineering,67953
726,Pierrette,Philipet,pphilipetk5@fc2.com,Female,Sales,44175
727,Marcello,Blethin,mblethink6@squidoo.com,Male,Sales,28368
728,Berty,Upston,bupstonk7@joomla.org,Female,Support,87345
729,Tedie,Ithell,tithellk8@typepad.com,Male,Legal,98917
730,Marsh,Pyett,mpyettk9@economist.com,Male,Human Resources,93129
731,Alameda,Heikkinen,aheikkinenka@mayoclinic.com,Female,Services,86127
732,Barrett,Ailsbury,bailsburykb@eventbrite.com,Male,Business Development,34313
733,Ina,Bowlands,ibowlandskc@chronoengine.com,Female,Business Development,30316
734,Stefan,Wederell,swederellkd@tripod.com,Male,Sales,69256
735,Clifford,Schaben,cschabenke@sfgate.com,Male,Training,55896
736,Violetta,Nanni,vnannikf@clickbank.net,Female,Legal,47577
737,Baxter,Limming,blimmingkg@yandex.ru,Male,Training,38212
738,Juieta,Amberg,jambergkh@yolasite.com,Female,Business Development,48947
739,Albie,Puckinghorne,apuckinghorneki@naver.com,Male,Marketing,35184
740,Kaycee,Sheringham,ksheringhamkj@utexas.edu,Female,Sales,91776
741,Monte,Donaho,mdonahokk@odnoklassniki.ru,Male,Business Development,82731
742,Rourke,Carneck,rcarneckkl@mapy.cz,Male,Marketing,48187
743,Dione,Thornley,dthornleykm@miitbeian.gov.cn,Female,Human Resources,69931
744,Myca,Reymers,mreymerskn@about.me,Male,Human Resources,30571
745,Garrot,Lagadu,glagaduko@google.ru,Male,Accounting,65920
746,Claudell,Randalston,crandalstonkp@smugmug.com,Male,Human Resources,57557
747,Bar,Mendez,bmendezkq@barnesandnoble.com,Male,Legal,37448
748,Allis,Patey,apateykr@google.es,Female,Research and Development,31930
749,Verna,Elcom,velcomks@usatoday.com,Female,Product Management,34404
750,Justin,Cremins,jcreminskt@about.me,Male,Research and Development,95709
751,Lonni,GiacobbiniJacob,lgiacobbinijacobku@blog.com,Female,Training,30405
752,Madelena,Craigg,mcraiggkv@bravesites.com,Female,Research and Development,44572
753,Rita,Bitten,rbittenkw@wunderground.com,Female,Marketing,50200
754,Donny,Elstub,delstubkx@acquirethisname.com,Male,Human Resources,46584
755,Alfy,Bruster,abrusterky@skyrock.com,Female,Services,25644
756,Bret,Minci,bmincikz@umich.edu,Male,Services,70275
757,Westbrook,Garthside,wgarthsidel0@washington.edu,Male,Training,28278
758,Felike,Dubs,fdubsl1@facebook.com,Male,Engineering,80486
759,Jasmina,Crother,jcrotherl2@skype.com,Female,Human Resources,67505
760,Pryce,Steddall,psteddalll3@cargocollective.com,Male,Business Development,82069
761,Edin,Deek,edeekl4@prlog.org,Female,Support,65345
762,Gideon,Venard,gvenardl5@foxnews.com,Male,Research and Development,29171
763,Robby,Stuchbery,rstuchberyl6@vinaora.com,Male,Engineering,78328
764,Nealon,Kingscott,nkingscottl7@springer.com,Male,Accounting,49032
765,Jacobo,Dougliss,jdouglissl8@marriott.com,Male,Accounting,45021
766,Donnell,Ivashintsov,divashintsovl9@mit.edu,Male,Support,71922
767,Rhiamon,McGlashan,rmcglashanla@dion.ne.jp,Female,Support,67768
768,Vicki,Metheringham,vmetheringhamlb@moonfruit.com,Female,Research and Development,71474
769,Lurleen,Caldero,lcalderolc@scientificamerican.com,Female,Services,30226
770,Barbee,Duffett,bduffettld@youtu.be,Female,Services,48398
771,Lyndy,Inkle,linklele@elpais.com,Female,Human Resources,48874
772,Shellie,McCoish,smccoishlf@china.com.cn,Female,Research and Development,65130
773,Michele,Oldnall,moldnalllg@goo.ne.jp,Male,Business Development,76265
774,Fredi,Stoffers,fstofferslh@barnesandnoble.com,Female,Research and Development,33099
775,Natalie,Dunkinson,ndunkinsonli@usatoday.com,Female,Product Management,60407
776,Willa,Bortoli,wbortolilj@shareasale.com,Female,Sales,93235
777,Rupert,Hammerstone,rhammerstonelk@slashdot.org,Male,Sales,29003
778,Camey,Leith,cleithll@lycos.com,Male,Business Development,67762
779,Dom,Edgett,dedgettlm@github.io,Male,Services,29263
780,Chrisy,Don,cdonln@twitpic.com,Male,Sales,38515
781,Gib,Cato,gcatolo@china.com.cn,Male,Training,58400
782,Michele,Howbrook,mhowbrooklp@dailymail.co.uk,Male,Product Management,30541
783,Emogene,Warden,ewardenlq@mit.edu,Female,Product Management,71093
784,Danice,Pordal,dpordallr@etsy.com,Female,Sales,86110
785,Evered,Thorsen,ethorsenls@stumbleupon.com,Male,Marketing,50478
786,Aigneis,O' Bee,aobeelt@gov.uk,Female,Services,30500
787,Marten,Forster,mforsterlu@ebay.com,Male,Legal,74190
788,Jonathon,Cutill,jcutilllv@tuttocitta.it,Male,Business Development,82790
789,Roseanne,Di Angelo,rdiangelolw@furl.net,Female,Support,68375
790,Marya,Dumper,mdumperlx@archive.org,Female,Human Resources,32271
791,Ruthann,Kesteven,rkestevenly@theatlantic.com,Female,Support,57732
792,Leda,MacGowing,lmacgowinglz@ft.com,Female,Engineering,71241
793,Kimball,Tregenna,ktregennam0@ihg.com,Male,Product Management,45338
794,Lynnett,Authers,lauthersm1@who.int,Female,Services,54214
795,Shaina,Catterick,scatterickm2@seattletimes.com,Female,Engineering,91027
796,Glen,Allenby,gallenbym3@t-online.de,Female,Engineering,96669
797,Ben,Baroch,bbarochm4@github.com,Male,Training,67795
798,Ailene,Maly,amalym5@plala.or.jp,Female,Support,29062
799,Valentine,O'Gorman,vogormanm6@uol.com.br,Male,Product Management,79856
800,Liva,Zorzin,lzorzinm7@examiner.com,Female,Legal,69750
801,Alina,Trenoweth,atrenowethm8@1688.com,Female,Product Management,89713
802,Thea,Cabedo,tcabedom9@photobucket.com,Female,Engineering,35943
803,Gilligan,Peckett,gpeckettma@imdb.com,Female,Business Development,94668
804,Dalli,Fibbens,dfibbensmb@cmu.edu,Male,Business Development,51183
805,Garek,Tovey,gtoveymc@buzzfeed.com,Male,Human Resources,25675
806,Martie,Tulley,mtulleymd@yandex.ru,Male,Product Management,31044
807,Berty,Faill,bfaillme@who.int,Male,Sales,47118
808,Jammie,McGavigan,jmcgaviganmf@cafepress.com,Female,Product Management,65576
809,Aprilette,Winston,awinstonmg@cnet.com,Female,Business Development,39803
810,Ginger,Norwell,gnorwellmh@shinystat.com,Female,Product Management,33146
811,Hort,Saket,hsaketmi@youku.com,Male,Human Resources,29058
812,Robena,Roan,rroanmj@wisc.edu,Female,Product Management,97346
813,Talia,Sanday,tsandaymk@imageshack.us,Female,Support,69661
814,Brendan,Ahearne,bahearneml@amazon.de,Male,Human Resources,63828
815,Koenraad,Martinot,kmartinotmm@nifty.com,Male,Accounting,70258
816,Piper,Casham,pcashammn@usgs.gov,Female,Training,85503
817,Silvano,Womack,swomackmo@blog.com,Male,Human Resources,54351
818,Tobit,Evequot,tevequotmp@imageshack.us,Male,Business Development,77598
819,Brinn,Holah,bholahmq@multiply.com,Female,Product Management,71273
820,Desiri,Feeny,dfeenymr@posterous.com,Female,Accounting,91283
821,Ashby,Bewly,abewlyms@sina.com.cn,Male,Legal,70050
822,Gibbie,Hoggan,ghogganmt@cpanel.net,Male,Business Development,37030
823,Gawain,Ovill,govillmu@elpais.com,Male,Human Resources,78360
824,Tuck,Cutcliffe,tcutcliffemv@ask.com,Male,Marketing,82216
825,Cleopatra,Spurr,cspurrmw@ed.gov,Female,Legal,91111
826,Boonie,Gallop,bgallopmx@hao123.com,Male,Product Management,54852
827,Eden,Sutherden,esutherdenmy@sbwire.com,Female,Business Development,98971
828,Charlton,Bagwell,cbagwellmz@wordpress.org,Male,Training,78866
829,Dayle,Bisco,dbiscon0@gizmodo.com,Female,Support,72924
830,Willem,Breadon,wbreadonn1@bbc.co.uk,Male,Legal,95365
831,Peter,Stallan,pstallann2@pen.io,Male,Business Development,54849
832,Kristoffer,Greedy,kgreedyn3@dailymotion.com,Male,Business Development,97929
833,Aldus,Challiner,achallinern4@princeton.edu,Male,Training,66530
834,Elvis,Duer,eduern5@hostgator.com,Male,Marketing,71709
835,Raf,Rustidge,rrustidgen6@tuttocitta.it,Female,Accounting,88305
836,Nicolais,Folkerts,nfolkertsn7@webnode.com,Male,Engineering,67443
837,Rachelle,Full,rfulln8@e-recht24.de,Female,Training,36366
838,Parnell,Baigent,pbaigentn9@soup.io,Male,Marketing,57046
839,Nani,Fryd,nfrydna@slate.com,Female,Human Resources,62227
840,Rhianon,Runcieman,rrunciemannb@amazon.com,Female,Training,26023
841,Gustaf,Heather,gheathernc@mozilla.com,Male,Marketing,36910
842,Noemi,Brabender,nbrabendernd@statcounter.com,Female,Marketing,64585
843,Elset,Kenson,ekensonne@aboutads.info,Female,Engineering,51311
844,Benjamin,Martynikhin,bmartynikhinnf@tuttocitta.it,Male,Engineering,72846
845,Dicky,Valens-Smith,dvalenssmithng@princeton.edu,Male,Training,25854
846,Margaux,Dellenbroker,mdellenbrokernh@dailymail.co.uk,Female,Research and Development,45902
847,Rhea,Hedney,rhedneyni@e-recht24.de,Female,Legal,47413
848,Zachariah,Tingey,ztingeynj@noaa.gov,Male,Product Management,92688
849,Emmanuel,Lusher,elushernk@netlog.com,Male,Research and Development,33465
850,Kenneth,Klain,kklainnl@wiley.com,Male,Human Resources,87205
851,Neils,Leworthy,nleworthynm@about.me,Male,Sales,60115
852,Patrizio,Pover,ppovernn@biblegateway.com,Male,Research and Development,28288
853,Auroora,Paviour,apaviourno@naver.com,Female,Marketing,87758
854,Slade,Knappett,sknappettnp@noaa.gov,Male,Sales,78591
855,Cybil,Kivelle,ckivellenq@imgur.com,Female,Services,42096
856,Townie,Coonihan,tcoonihannr@squidoo.com,Male,Support,40701
857,Brady,Town,btownns@walmart.com,Male,Human Resources,35825
858,Belvia,Hainey`,bhaineynt@geocities.jp,Female,Sales,35161
859,Aylmar,Baff,abaffnu@nhs.uk,Male,Engineering,26531
860,Saw,Cunniff,scunniffnv@biglobe.ne.jp,Male,Research and Development,98173
861,Sonnie,Gabbitus,sgabbitusnw@wiley.com,Male,Sales,25993
862,Dennie,Janoschek,djanoscheknx@thetimes.co.uk,Male,Sales,93249
863,Georgi,Jordine,gjordineny@time.com,Male,Research and Development,81298
864,Rosie,Slesser,rslessernz@discuz.net,Female,Product Management,92408
865,Alyda,Petrina,apetrinao0@toplist.cz,Female,Training,28924
866,Carl,Drewet,cdreweto1@shop-pro.jp,Male,Support,30901
867,Woodrow,Wickmann,wwickmanno2@springer.com,Male,Services,54870
868,Freda,Howlin,fhowlino3@free.fr,Female,Legal,67081
869,Ailee,Bomfield,abomfieldo4@delicious.com,Female,Human Resources,98462
870,Krishnah,Menghi,kmenghio5@friendfeed.com,Male,Research and Development,40689
871,Alice,Andreou,aandreouo6@sourceforge.net,Female,Product Management,28944
872,Shayne,Tapsell,stapsello7@studiopress.com,Female,Marketing,45705
873,Hugh,Threadgould,hthreadgouldo8@linkedin.com,Male,Product Management,57211
874,Arvy,Hornung,ahornungo9@mtv.com,Male,Support,63442
875,Cherie,Carlsen,ccarlsenoa@techcrunch.com,Female,Marketing,46939
876,Angeli,Espie,aespieob@github.io,Male,Services,47542
877,Wilona,Gething,wgethingoc@skype.com,Female,Support,52275
878,Curt,Esgate,cesgateod@ameblo.jp,Male,Services,80274
879,Miguelita,Klauer,mklaueroe@economist.com,Female,Research and Development,25116
880,Guinna,O'Halligan,gohalliganof@twitter.com,Female,Support,59909
881,Amery,Montez,amontezog@blogger.com,Male,Marketing,46140
882,Clayborn,Greenier,cgreenieroh@miibeian.gov.cn,Male,Research and Development,50435
883,Corby,Enion,cenionoi@angelfire.com,Male,Engineering,30045
884,Rolph,Ivachyov,rivachyovoj@businesswire.com,Male,Research and Development,47676
885,Ashley,Gurton,agurtonok@upenn.edu,Male,Business Development,25290
886,Brigitta,Staden,bstadenol@wired.com,Female,Accounting,59553
887,Cesare,Cicchinelli,ccicchinelliom@gnu.org,Male,Accounting,61018
888,Blakeley,Heinzler,bheinzleron@mtv.com,Female,Engineering,52058
889,Krystyna,Westberg,kwestbergoo@gizmodo.com,Female,Product Management,55982
890,Gwynne,Cliss,gclissop@chron.com,Female,Research and Development,88420
891,Malia,Jacquemet,mjacquemetoq@weather.com,Female,Engineering,29394
892,Bride,Reese,breeseor@sbwire.com,Female,Sales,72489
893,Coop,Kubicek,ckubicekos@example.com,Male,Product Management,40624
894,Symon,Tretwell,stretwellot@house.gov,Male,Services,41279
895,Debee,Vaney,dvaneyou@springer.com,Female,Business Development,60777
896,Rene,Hill,rhillov@who.int,Female,Business Development,91888
897,Iseabal,Leah,ileahow@tinyurl.com,Female,Accounting,53045
898,Sydel,Rubinshtein,srubinshteinox@vinaora.com,Female,Support,61452
899,Eldridge,Furnival,efurnivaloy@omniture.com,Male,Legal,25956
900,Cassandra,Campione,ccampioneoz@engadget.com,Female,Accounting,66935
901,Daisy,Kitteridge,dkitteridgep0@ihg.com,Female,Human Resources,42668
902,Cleve,Morigan,cmoriganp1@youtube.com,Male,Product Management,71836
903,Skipton,Ivashev,sivashevp2@1688.com,Male,Support,25479
904,Mariele,Kayley,mkayleyp3@mashable.com,Female,Marketing,53589
905,Andros,Claasen,aclaasenp4@ftc.gov,Male,Product Management,39331
906,Johannes,Geraldez,jgeraldezp5@photobucket.com,Male,Marketing,82136
907,Eyde,Beton,ebetonp6@intel.com,Female,Marketing,41387
908,Isidor,Imlach,iimlachp7@theglobeandmail.com,Male,Sales,93125
909,Anabel,Klimschak,aklimschakp8@bloglovin.com,Female,Legal,73280
910,Valerie,Grafhom,vgrafhomp9@ted.com,Female,Research and Development,68627
911,Saree,Langstaff,slangstaffpa@4shared.com,Female,Accounting,48220
912,Josephine,Tull,jtullpb@altervista.org,Female,Services,84595
913,Brenda,Bartens,bbartenspc@odnoklassniki.ru,Female,Training,66677
914,Homer,Addyman,haddymanpd@dion.ne.jp,Male,Accounting,57936
915,Roxanna,Gandy,rgandype@geocities.com,Female,Human Resources,37787
916,Danny,Girardin,dgirardinpf@cafepress.com,Male,Human Resources,35543
917,Harald,Arrol,harrolpg@parallels.com,Male,Human Resources,44821
918,Whittaker,Fendley,wfendleyph@geocities.jp,Male,Marketing,71101
919,Tonye,MacCulloch,tmaccullochpi@marketwatch.com,Female,Engineering,35224
920,Desiri,Ecclestone,decclestonepj@gov.uk,Female,Product Management,62233
921,Gussie,Gidden,ggiddenpk@wisc.edu,Female,Services,52589
922,Dee dee,Volage,dvolagepl@paypal.com,Female,Legal,30594
923,Zara,Halgarth,zhalgarthpm@skyrock.com,Female,Human Resources,57037
924,Tabbitha,Pailin,tpailinpn@craigslist.org,Female,Accounting,46034
925,Matthieu,Jeannesson,mjeannessonpo@go.com,Male,Legal,81878
926,Wynnie,Jephcote,wjephcotepp@whitehouse.gov,Female,Human Resources,56528
927,Evangelia,Paulisch,epaulischpq@about.me,Female,Services,76710
928,Car,Storch,cstorchpr@bloomberg.com,Male,Accounting,50251
929,Renado,Poyle,rpoyleps@cam.ac.uk,Male,Support,70523
930,Jeni,Costi,jcostipt@tripod.com,Female,Legal,81332
931,Dorian,Orcas,dorcaspu@ted.com,Female,Support,57467
932,Cherrita,Usborn,cusbornpv@abc.net.au,Female,Training,36614
933,Riva,Blackeby,rblackebypw@g.co,Female,Engineering,90306
934,Kelly,Lankford,klankfordpx@xrea.com,Male,Training,33624
935,Kirby,Westwick,kwestwickpy@addthis.com,Male,Product Management,64794
936,Dolf,Cannavan,dcannavanpz@mail.ru,Male,Marketing,75922
937,Cara,Chestney,cchestneyq0@etsy.com,Female,Business Development,68710
938,Scot,Larder,slarderq1@phoca.cz,Male,Product Management,45024
939,Case,Hambelton,chambeltonq2@alibaba.com,Male,Accounting,91011
940,Jami,Signorelli,jsignorelliq3@oracle.com,Female,Marketing,47903
941,Doralyn,Willmetts,dwillmettsq4@digg.com,Female,Services,63960
942,Pierette,Copp,pcoppq5@house.gov,Female,Engineering,27203
943,Zarla,Paul,zpaulq6@163.com,Female,Accounting,60669
944,Kissiah,Buntain,kbuntainq7@studiopress.com,Female,Product Management,64833
945,Florida,Donneely,fdonneelyq8@nifty.com,Female,Research and Development,34222
946,Vanessa,Dalgarno,vdalgarnoq9@blog.com,Female,Product Management,30629
947,Rosalyn,Rounds,rroundsqa@baidu.com,Female,Business Development,57804
948,Shelbi,Dee,sdeeqb@home.pl,Female,Training,55747
949,Hilary,Sandars,hsandarsqc@howstuffworks.com,Male,Services,89806
950,Hadlee,Lawrence,hlawrenceqd@ask.com,Male,Accounting,90492
951,Tanny,Reiling,treilingqe@sohu.com,Male,Product Management,94360
952,Dodi,Le Claire,dleclaireqf@state.gov,Female,Training,28065
953,Menard,Goodie,mgoodieqg@abc.net.au,Male,Support,89284
954,Salvador,Pinwell,spinwellqh@lulu.com,Male,Legal,32269
955,Olympia,Donke,odonkeqi@webmd.com,Female,Research and Development,90828
956,Clayborn,Dowdell,cdowdellqj@patch.com,Male,Marketing,90521
957,Clemmie,Bourges,cbourgesqk@omniture.com,Female,Product Management,91748
958,Bernelle,Kasher,bkasherql@fc2.com,Female,Human Resources,42980
959,Louella,Trembey,ltrembeyqm@go.com,Female,Legal,83643
960,Ragnar,Kimblen,rkimblenqn@domainmarket.com,Male,Business Development,29801
961,Eba,Fairbard,efairbardqo@flickr.com,Female,Product Management,43894
962,Rhodia,Challis,rchallisqp@archive.org,Female,Legal,78142
963,Dun,Klishin,dklishinqq@oaic.gov.au,Male,Engineering,47719
964,Sigismundo,Cundict,scundictqr@wikipedia.org,Male,Human Resources,88512
965,Lila,Gotthard.sf,lgotthardsfqs@mit.edu,Female,Legal,86183
966,Dewitt,Herity,dherityqt@cyberchimps.com,Male,Training,78961
967,Caroline,McPheat,cmcpheatqu@blogger.com,Female,Engineering,83614
968,Denice,Titterington,dtitteringtonqv@reuters.com,Female,Sales,94021
969,Gipsy,Petz,gpetzqw@homestead.com,Female,Research and Development,87948
970,Norbie,Calladine,ncalladineqx@moonfruit.com,Male,Legal,73570
971,Omar,Leece,oleeceqy@list-manage.com,Male,Training,60331
972,Bartel,McGarvey,bmcgarveyqz@ihg.com,Male,Training,65175
973,Ranice,Fideler,rfidelerr0@mtv.com,Female,Human Resources,49849
974,Madelene,Varndell,mvarndellr1@moonfruit.com,Female,Sales,63071
975,Margarethe,Ramalhete,mramalheter2@cbsnews.com,Female,Training,78587
976,Mario,Webland,mweblandr3@etsy.com,Male,Human Resources,60051
977,Gayla,Boughen,gboughenr4@t-online.de,Female,Engineering,85885
978,Perrine,Casswell,pcasswellr5@virginia.edu,Female,Sales,70479
979,Kenton,Naptine,knaptiner6@hibu.com,Male,Support,76526
980,Blair,Ibbeson,bibbesonr7@liveinternet.ru,Female,Training,86686
981,Ilysa,Linzey,ilinzeyr8@issuu.com,Female,Training,28909
982,Beilul,Diggins,bdigginsr9@washingtonpost.com,Female,Accounting,75819
983,Griff,Eveling,gevelingra@engadget.com,Male,Training,89200
984,Elmore,Clowley,eclowleyrb@hp.com,Male,Sales,61644
985,Truda,Checkley,tcheckleyrc@wikia.com,Female,Sales,90988
986,Lorinda,Ealam,lealamrd@walmart.com,Female,Services,60253
987,Deane,Baniard,dbaniardre@bandcamp.com,Female,Research and Development,31673
988,Nolie,Hartness,nhartnessrf@hp.com,Female,Sales,42438
989,Stacie,Radclyffe,sradclyfferg@dion.ne.jp,Female,Legal,26014
990,Giacobo,Comettoi,gcomettoirh@spiegel.de,Male,Engineering,47178
991,Philippa,Bernath,pbernathri@phoca.cz,Female,Training,33242
992,Kelly,Chsteney,kchsteneyrj@cbc.ca,Female,Marketing,76761
993,Chad,Impett,cimpettrk@parallels.com,Female,Product Management,41935
994,Constantina,Balharrie,cbalharrierl@macromedia.com,Female,Training,59582
995,Loralyn,Dabner,ldabnerrm@multiply.com,Female,Business Development,92524
996,Silvie,Gatenby,sgatenbyrn@amazonaws.com,Female,Product Management,83955
997,Cordula,Turpin,cturpinro@scientificamerican.com,Female,Engineering,96769
998,Wayland,Jope,wjoperp@nationalgeographic.com,Male,Business Development,49269
999,Buiron,Pellingar,bpellingarrq@examiner.com,Male,Product Management,51306
1000,Ewan,Bohling,ebohlingrr@deliciousdays.com,Male,Research and Development,56567
